{
  "calibration_status": "catalog_mle_1973_2026",
  "catalog_modern_n": 2041,
  "catalog_modern_span_years": 53.43309377138946,
  "gk_mainshocks": 2017,
  "gk_aftershocks": 24,
  "omori_fit": {
    "c": 0.0001,
    "p": 1.363250203658662,
    "n_delays": 24,
    "success": true
  },
  "branching_fit": {
    "K": 0.4945527632119062,
    "alpha": 0.06250066767034286
  },
  "parameters_calibrated": {
    "mu": 0.1033487797145355,
    "K": 0.4945527632119062,
    "alpha": 0.06250066767034286,
    "c": 0.0001,
    "p": 1.363250203658662,
    "max_trigger_distance_km": 500.0
  },
  "parameters_literature_defaults": {
    "mu": 0.008,
    "K": 0.08,
    "alpha": 1.0,
    "c": 0.005,
    "p": 1.1,
    "max_trigger_distance_km": 500.0
  },
  "mu_homogeneous_total_rate": 0.1045785123437615,
  "n_background_synthetic": 2017,
  "source": "scripts/calibrate_etas.py (GK + Omori MLE + branching regression)",
  "note": "Minimal MLE on 2041 modern M>=6.5 events; spatial ETAS kernel approximated via 500 km trigger cap matching ETASCatalogGenerator."
}