{
  "n_events_sampled": 500,
  "n_pairs": 4987,
  "pct_real_dijkstra_path": 2.01,
  "pct_gc_fallback_1p5x": 97.99,
  "fallback_by_reason": {
    "dijkstra": 100,
    "no_graph_path": 872,
    "snap_distance_exceeded": 4015
  },
  "median_ratio_tect_gc_dijkstra_only": 1.3606495836198513,
  "n_materially_different_dijkstra_pairs": 95,
  "material_different_examples": [
    {
      "gc_km": 10.318658123979285,
      "tectonic_km": 365.04339912034965,
      "fallback_km": 15.477987185968928,
      "used_dijkstra": true,
      "used_fallback": false,
      "fallback_reason": "dijkstra",
      "ratio_tect_gc": 35.37702235448948,
      "material_diff_from_fallback": 22.584681569659654,
      "snap_d1_km": 123.48518442544867,
      "snap_d2_km": 130.36328805034208,
      "event_id_1": "usp00041dn",
      "event_id_2": "us6000rmea",
      "lat1": 39.571,
      "lon1": 143.333,
      "lat2": 39.485,
      "lon2": 143.3782,
      "region1": "31",
      "region2": "31"
    },
    {
      "gc_km": 42.00446113881918,
      "tectonic_km": 495.46534494324135,
      "fallback_km": 63.00669170822877,
      "used_dijkstra": true,
      "used_fallback": false,
      "fallback_reason": "dijkstra",
      "ratio_tect_gc": 11.795541033267728,
      "material_diff_from_fallback": 6.8636940221784855,
      "snap_d1_km": 268.71888665785747,
      "snap_d2_km": 226.7464582853839,
      "event_id_1": "us6000nhqc",
      "event_id_2": "usp0000k85",
      "lat1": 8.1851,
      "lon1": 126.6161,
      "lat2": 8.478,
      "lon2": 126.375,
      "region1": "35",
      "region2": "35"
    },
    {
      "gc_km": 227.56506749854452,
      "tectonic_km": 1228.993436277143,
      "fallback_km": 341.3476012478168,
      "used_dijkstra": true,
      "used_fallback": false,
      "fallback_reason": "dijkstra",
      "ratio_tect_gc": 5.40062431280233,
      "material_diff_from_fallback": 2.600416208534887,
      "snap_d1_km": 382.2486375340236,
      "snap_d2_km": 380.93368113297294,
      "event_id_1": "usp000e7f0",
      "event_id_2": "us20005yqp",
      "lat1": -19.926,
      "lon1": -178.178,
      "lat2": -21.9724,
      "lon2": -178.2038,
      "region1": "41",
      "region2": "41"
    },
    {
      "gc_km": 354.98812448937684,
      "tectonic_km": 1418.2366123512065,
      "fallback_km": 532.4821867340653,
      "used_dijkstra": true,
      "used_fallback": false,
      "fallback_reason": "dijkstra",
      "ratio_tect_gc": 3.99516635772318,
      "material_diff_from_fallback": 1.66344423848212,
      "snap_d1_km": 396.12105250818075,
      "snap_d2_km": 440.0304539931596,
      "event_id_1": "us20008m3t",
      "event_id_2": "usp000d8nz",
      "lat1": -23.2593,
      "lon1": -178.8036,
      "lat2": -20.068,
      "lon2": -178.71,
      "region1": "41",
      "region2": "41"
    },
    {
      "gc_km": 213.4720150744533,
      "tectonic_km": 786.1993307789057,
      "fallback_km": 320.20802261167995,
      "used_dijkstra": true,
      "used_fallback": false,
      "fallback_reason": "dijkstra",
      "ratio_tect_gc": 3.6829152079006726,
      "material_diff_from_fallback": 1.4552768052671152,
      "snap_d1_km": 198.75285135315949,
      "snap_d2_km": 238.19007545625212,
      "event_id_1": "usp0004sq2",
      "event_id_2": "usp000890q",
      "lat1": -20.252,
      "lon1": -176.218,
      "lat2": -22.101,
      "lon2": -176.772,
      "region1": "41",
      "region2": "41"
    },
    {
      "gc_km": 376.24525629521645,
      "tectonic_km": 1360.4547958920705,
      "fallback_km": 564.3678844428247,
      "used_dijkstra": true,
      "used_fallback": false,
      "fallback_reason": "dijkstra",
      "ratio_tect_gc": 3.6158722884325365,
      "material_diff_from_fallback": 1.410581525621691,
      "snap_d1_km": 382.2486375340236,
      "snap_d2_km": 396.12105250818075,
      "event_id_1": "usp000e7f0",
      "event_id_2": "us20008m3t",
      "lat1": -19.926,
      "lon1": -178.178,
      "lat2": -23.2593,
      "lon2": -178.8036,
      "region1": "41",
      "region2": "41"
    },
    {
      "gc_km": 207.86610640798312,
      "tectonic_km": 697.5562025278352,
      "fallback_km": 311.7991596119747,
      "used_dijkstra": true,
      "used_fallback": false,
      "fallback_reason": "dijkstra",
      "ratio_tect_gc": 3.3557957792249553,
      "material_diff_from_fallback": 1.2371971861499702,
      "snap_d1_km": 382.2486375340236,
      "snap_d2_km": 198.75285135315949,
      "event_id_1": "usp000e7f0",
      "event_id_2": "usp0004sq2",
      "lat1": -19.926,
      "lon1": -178.178,
      "lat2": -20.252,
      "lon2": -176.218,
      "region1": "41",
      "region2": "41"
    },
    {
      "gc_km": 92.32843855217938,
      "tectonic_km": 291.96849956587334,
      "fallback_km": 138.49265782826907,
      "used_dijkstra": true,
      "used_fallback": false,
      "fallback_reason": "dijkstra",
      "ratio_tect_gc": 3.162281352791074,
      "material_diff_from_fallback": 1.1081875685273825,
      "snap_d1_km": 142.1060545703302,
      "snap_d2_km": 149.86244499554317,
      "event_id_1": "usp0000abg",
      "event_id_2": "usp0003y09",
      "lat1": 22.735,
      "lon1": 122.802,
      "lat2": 23.043,
      "lon2": 121.965,
      "region1": "33",
      "region2": "33"
    },
    {
      "gc_km": 31.055750935872982,
      "tectonic_km": 96.74880911146394,
      "fallback_km": 46.583626403809475,
      "used_dijkstra": true,
      "used_fallback": false,
      "fallback_reason": "dijkstra",
      "ratio_tect_gc": 3.115326668842771,
      "material_diff_from_fallback": 1.0768844458951805,
      "snap_d1_km": 59.74506692587051,
      "snap_d2_km": 37.00374218559343,
      "event_id_1": "usb000kqnc",
      "event_id_2": "us2000j6hy",
      "lat1": -30.2921,
      "lon1": -71.5215,
      "lat2": -30.0404,
      "lon2": -71.3815,
      "region1": "9",
      "region2": "9"
    },
    {
      "gc_km": 245.01194887337533,
      "tectonic_km": 750.5851162041527,
      "fallback_km": 367.517923310063,
      "used_dijkstra": true,
      "used_fallback": false,
      "fallback_reason": "dijkstra",
      "ratio_tect_gc": 3.063463311301861,
      "material_diff_from_fallback": 1.0423088742012407,
      "snap_d1_km": 396.12105250818075,
      "snap_d2_km": 238.19007545625212,
      "event_id_1": "us20008m3t",
      "event_id_2": "usp000890q",
      "lat1": -23.2593,
      "lon1": -178.8036,
      "lat2": -22.101,
      "lon2": -176.772,
      "region1": "41",
      "region2": "41"
    },
    {
      "gc_km": 136.31844625312678,
      "tectonic_km": 398.7658954538299,
      "fallback_km": 204.47766937969016,
      "used_dijkstra": true,
      "used_fallback": false,
      "fallback_reason": "dijkstra",
      "ratio_tect_gc": 2.9252526449235647,
      "material_diff_from_fallback": 0.9501684299490432,
      "snap_d1_km": 140.77768884267581,
      "snap_d2_km": 257.98820661115406,
      "event_id_1": "usp00008zv",
      "event_id_2": "us7000e2zt",
      "lat1": 0.393,
      "lon1": 97.843,
      "lat2": 0.1364,
      "lon2": 96.6442,
      "region1": "43",
      "region2": "43"
    },
    {
      "gc_km": 211.71404297418974,
      "tectonic_km": 599.7140563721699,
      "fallback_km": 317.5710644612846,
      "used_dijkstra": true,
      "used_fallback": false,
      "fallback_reason": "dijkstra",
      "ratio_tect_gc": 2.8326607340131975,
      "material_diff_from_fallback": 0.8884404893421316,
      "snap_d1_km": 253.8390186576042,
      "snap_d2_km": 123.48518442544867,
      "event_id_1": "usp000e462",
      "event_id_2": "usp00041dn",
      "lat1": 38.107,
      "lon1": 144.896,
      "lat2": 39.571,
      "lon2": 143.333,
      "region1": "31",
      "region2": "31"
    },
    {
      "gc_km": 177.3642933556764,
      "tectonic_km": 491.41143425961656,
      "fallback_km": 266.0464400335146,
      "used_dijkstra": true,
      "used_fallback": false,
      "fallback_reason": "dijkstra",
      "ratio_tect_gc": 2.7706333950439936,
      "material_diff_from_fallback": 0.8470889300293291,